{
    "task_enabled": "1",
    "task_reward": "50",
    "ref_comission": "10",
    "invalid_limit": "50",
    "view_target": "2",
    "task_limit": "100",
    "task_timer": "0",
    "impression_time": "3",
    "click_time": "10",
    "button_timer": "1",
    "submit": "",
    "req_vpn": "1",
    "vpn_task_only": "1",
    "cn_list": "US, UK, CA",
    "i_key": "abcd1234",
    "m_mode": "0",
    "payment_nav": "1",
    "task_did": "1",
    "min_recharge": "2000",
    "min_bkash": "6000",
    "withdraw_status": "1",
    "default_ref": "1234",
    "reg_status": "1",
    "tg_channel": "https:\/\/t.me\/invisiblelabbd",
    "support_group": "https:\/\/t.me\/invisiblelabbd",
    "app_version": "1",
    "app_url": "https:\/\/t.me\/invisiblelabbd",
    "ban_ad": "",
    "task_ban1": "",
    "task_ban2": "",
    "int_ad": "",
    "wallet_notice": "Recharge 1500= 10 Taka\r\nBkash  3600 = 20 Taka\r\n\r\n\u2705\u09b0\u09bf\u0995\u09cb\u09df\u09c7\u09b8\u09cd\u099f  \u09a6\u09c7\u0993\u09af\u09bc\u09be\u09b0 \u098f\u0995 \u0998\u09a3\u09cd\u099f\u09be\u09b0 \u09ae\u09a7\u09cd\u09af\u09c7 \u09aa\u09c7\u09ae\u09c7\u09a8\u09cd\u099f \u0995\u09ae\u09aa\u09cd\u09b2\u09bf\u099f \u0995\u09b0\u09c7 \u09a6\u09c7\u0993\u09af\u09bc\u09be \u09b9\u09ac\u09c7 \u0987\u09a8\u09b6\u09be\u0986\u09b2\u09cd\u09b2\u09be\u09b9\ud83e\udd70",
    "home_notice": "\u2764 \u0995\u09cd\u09b2\u09c7\u0987\u09ae  \u098f\u09b0 \u09b8\u09ae\u09af\u09bc \u09af\u09a6\u09bf \u09aa\u09cd\u09b2\u09c7 \u09b8\u09cd\u099f\u09cb\u09b0\u09c7 \u09a8\u09bf\u09af\u09bc\u09c7 \u09af\u09be\u09af\u09bc \u09a4\u09be\u09b9\u09b2\u09c7 \u098f\u0995\u099f\u09bf \u0985\u09cd\u09af\u09be\u09aa \u0987\u09a8\u09cd\u09b8\u099f\u09b2 \u0995\u09b0\u09a4\u09c7 \u09b9\u09ac\u09c7\u0964 \u098f\u09ac\u0982 \u09b8\u09c7 \u0986\u09aa\u099f\u09bf 2 \u09ae\u09bf\u09a8\u09bf\u099f \u09ac\u09cd\u09af\u09ac\u09b9\u09be\u09b0 \u0995\u09b0\u09a4\u09c7 \u09b9\u09ac\u09c7\u0964 \u0986\u09b0 \u09af\u09a6\u09bf \u0993\u09af\u09bc\u09c7\u09ac\u09b8\u09be\u0987\u099f\u09c7 \u09a8\u09bf\u09af\u09bc\u09c7 \u09af\u09be\u09af\u09bc \u09a4\u09be\u09b9\u09b2\u09c7 \u098f\u0995 \u09ae\u09bf\u09a8\u09bf\u099f \u09ad\u09bf\u099c\u09bf\u099f \u0995\u09b0\u09a4\u09c7 \u09b9\u09ac\u09c7\u0964\r\n\r\n\u2764\ufe0f \u09af\u09c7\u0995\u09cb\u09a8\u09cb \u09ad\u09bf\u09aa\u09bf\u098f\u09a8 \u09a5\u09c7\u0995\u09c7 UK,US \u0995\u09be\u09a8\u09c7\u0995\u09cd\u099f \u0995\u09b0\u09c7 \u0995\u09be\u099c \u0995\u09b0\u09a4\u09c7 \u09b9\u09ac\u09c7\u0964\r\n\r\n\u2b50 18 \u099f\u09bf \u098f\u09a1 \u09ad\u09bf\u0989 \u098f\u09b0\u09aa\u09b0 \u098f\u0995\u099f\u09bf \u0995\u09cd\u09b2\u09bf\u0995\u0964 \u09aa\u09cd\u09b0\u09a4\u09bf  \u0995\u09cd\u09b2\u09bf\u0995\u09c7 80 \u09aa\u09af\u09bc\u09c7\u09a8\u09cd\u099f\u0964 \r\n\r\n\ud83d\udc49 \u09b0\u09c7\u09ab\u09be\u09b0 \u0995\u09ae\u09bf\u09b6\u09a8 10%\r\n\r\n\ud83d\udc49 \u09af\u09c7\u0995\u09cb\u09a8\u09cb \u09a8\u09be\u09ae\u09cd\u09ac\u09be\u09b0\u09c7 \u09aa\u09c7\u09ae\u09c7\u09a8\u09cd\u099f \u09a8\u09bf\u09a4\u09c7 \u09aa\u09be\u09b0\u09ac\u09c7\u09a8\u0964\r\n\r\n\ud83d\udc9a \u0985\u09ac\u09b6\u09cd\u09af\u0987 \u0986\u09ae\u09be\u09a6\u09c7\u09b0 \u099f\u09c7\u09b2\u09bf\u0997\u09cd\u09b0\u09be\u09ae \u099a\u09cd\u09af\u09be\u09a8\u09c7\u09b2 \u0993 \u09b8\u09be\u09aa\u09cb\u09b0\u09cd\u099f \u0997\u09cd\u09b0\u09c1\u09aa\u09c7 \u099c\u09df\u09c7\u09a8 \u09b9\u09a4\u09c7 \u09b9\u09ac\u09c7 \r\n\r\n\ud83d\udc9a \u09a8\u09bf\u09af\u09bc\u09ae \u09ae\u09c7\u09a8\u09c7 \u0995\u09be\u099c \u0995\u09b0\u09c1\u09a8 100% \u09aa\u09c7\u09ae\u09c7\u09a8\u09cd\u099f \u09aa\u09be\u09ac\u09c7\u09a8\u0964 \u09a8\u09bf\u09af\u09bc\u09ae \u09a8\u09be \u09ae\u09be\u09a8\u09b2\u09c7 \u09aa\u09c7\u09ae\u09c7\u09a8\u09cd\u099f \u09aa\u09be\u09ac\u09c7\u09a8 \u09a8\u09be\u0964\r\n",
    "int1": "",
    "ban1": "",
    "int2": "",
    "ban2": "",
    "int3": "",
    "ban3": "",
    "int4": "",
    "ban4": "",
    "htw_link": "https:\/\/t.me\/invisiblelabbd",
    "task1_url": "https:\/\/drive.google.com\/file\/d\/1c3sLzhbg1GTsjWYmvjv4GDrx4rH-47v6\/view?usp=drivesdk",
    "task2_url": "https:\/\/drive.google.com\/file\/d\/1c936EZfjGrUdUTGPToRgS3X0AM09iEns\/view?usp=drivesdk",
    "task3_url": "",
    "task4_url": "",
    "multi_task": "0",
    "admob": "0",
    "auto_back": "1",
    "im_ttimer": "1",
    "click_ttimer": "1",
    "refer_points": "50",
    "daily_rewards": "20",
    "important_notice": "\u2b50 18 \u099f\u09bf \u098f\u09a1 \u09ad\u09bf\u0989 \u098f\u09b0 \u09aa\u09b0 1 \u099f\u09bf \u0995\u09cd\u09b2\u09bf\u0995\u0964\r\n\u09aa\u09cd\u09b0\u09a4\u09bf \u0995\u09cd\u09b2\u09bf\u0995\u09c7 \u09ee\u09e6 \u09aa\u09df\u09c7\u09a8\u09cd\u099f \u09aa\u09be\u09ac\u09c7\u09a8\u0964\r\n\u09ae\u09c7\u09ae\u09cd\u09ac\u09be\u09b0 \u09ac\u09be\u09dc\u09b2\u09c7 \u09aa\u09df\u09c7\u09a8\u09cd\u099f \u09ac\u09be\u09dc\u09be\u09a8\u09cb \u09b9\u09ac\u09c7, \u09b8\u09ac\u09be\u0987 \u09b0\u09c7\u09ab\u09be\u09b0 \u0995\u09b0\u09c1\u09a8, \u09b0\u09c7\u09ab\u09be\u09b0 \u0995\u09ae\u09bf\u09b6\u09a8 \u0986\u099b\u09c7\u0964\u2764\ufe0f",
    "dev_off": "0",
    "htw_show": "1",
    "signup_bonus": "10",
    "startapp_ads_code": "206742523",
    "spin_waiting_time": "4",
    "spin_enabled": "1",
    "spin_view": "1",
    "spin_click": "2",
    "spin": "0",
    "task": "1",
    "spin_task": "0",
    "spin_break": "3",
    "spin_reward": "100",
    "primary_color": "#0084ff",
    "gradient_color_end": "#0088ff",
    "statistics_point_rate": "100",
    "onetimepay": "1",
    "fixedwithdraw": "1",
    "click_fine": "0"
}